{
  "1_5": [
    0.7533333333333333,
    0.8366666666666667
  ],
  "1_10": [
    0.75,
    0.7966666666666666
  ],
  "1_20": [
    0.8533333333333334,
    0.8366666666666667
  ],
  "1_30": [
    0.89,
    0.8866666666666667
  ],
  "1_50": [
    0.9433333333333334,
    0.9166666666666666
  ],
  "2_5": [
    0.63,
    0.6466666666666666
  ],
  "2_10": [
    0.6533333333333333,
    0.6233333333333333
  ],
  "2_20": [
    0.7233333333333334,
    0.7166666666666667
  ],
  "2_30": [
    0.7866666666666666,
    0.73
  ],
  "2_50": [
    0.91,
    0.8833333333333333
  ],
  "3_5": [
    0.4766666666666667,
    0.51
  ],
  "3_10": [
    0.5233333333333333,
    0.49
  ],
  "3_20": [
    0.5833333333333334,
    0.6133333333333333
  ],
  "3_30": [
    0.6933333333333334,
    0.68
  ],
  "3_50": [
    0.86,
    0.8
  ],
  "4_5": [
    0.37,
    0.4
  ],
  "4_10": [
    0.39666666666666667,
    0.37
  ],
  "4_20": [
    0.49,
    0.48
  ],
  "4_30": [
    0.6333333333333333,
    0.5833333333333334
  ],
  "4_50": [
    0.82,
    0.7866666666666666
  ],
  "5_5": [
    0.32,
    0.32
  ],
  "5_10": [
    0.3,
    0.29333333333333333
  ],
  "5_20": [
    0.43,
    0.4033333333333333
  ],
  "5_30": [
    0.57,
    0.54
  ],
  "5_50": [
    0.8033333333333333,
    0.7666666666666667
  ]
}