{
  "Llama-3.1-8B": {
    "Crypto": {
      "mean_I_LLM": -0.5760015467225252,
      "std_I_LLM": 1.7459265481648374,
      "p_opt": 0.11180339887498947,
      "n": 2
    },
    "Web": {
      "mean_I_LLM": 0.5555156561943719,
      "std_I_LLM": 0.29248125036057804,
      "p_opt": 0.24494897427831783,
      "n": 2
    },
    "PWN": {
      "mean_I_LLM": 0.8724517067954232,
      "std_I_LLM": 0.024454800240473196,
      "p_opt": 0.30512857662936466,
      "n": 2
    },
    "Forensics": {
      "mean_I_LLM": 1.0396612263307028,
      "std_I_LLM": 0.19166431977575282,
      "p_opt": 0.34262414443209643,
      "n": 2
    },
    "Reverse": {
      "mean_I_LLM": 0.6972030832533564,
      "std_I_LLM": 0.1997034237825399,
      "p_opt": 0.27022640946662696,
      "n": 2
    },
    "Misc": {
      "mean_I_LLM": 0.1784282140951572,
      "std_I_LLM": 1.0528973320112984,
      "p_opt": 0.1886083840385794,
      "n": 2
    },
    "_overall": {
      "mean_I_LLM": 0.46120972332441434,
      "accuracy": 0.5833333333333334,
      "n_states": 12
    }
  },
  "Gemma-2-2B": {
    "Crypto": {
      "mean_I_LLM": -0.16628766954343543,
      "std_I_LLM": 1.3362126709857476,
      "p_opt": 0.14852213144650114,
      "n": 2
    },
    "Web": {
      "mean_I_LLM": 0.46948528330121997,
      "std_I_LLM": 0.0,
      "p_opt": 0.23076923076923075,
      "n": 2
    },
    "PWN": {
      "mean_I_LLM": 0.5899893330531174,
      "std_I_LLM": 0.12050404975189744,
      "p_opt": 0.2508726030021272,
      "n": 2
    },
    "Forensics": {
      "mean_I_LLM": 0.22741925366840943,
      "std_I_LLM": 0.12050404975189744,
      "p_opt": 0.19512313566832118,
      "n": 2
    },
    "Reverse": {
      "mean_I_LLM": 0.7075187496394217,
      "std_I_LLM": 0.07008882902413016,
      "p_opt": 0.2721655269759087,
      "n": 2
    },
    "Misc": {
      "mean_I_LLM": 0.4369960575439472,
      "std_I_LLM": 0.31146517546008845,
      "p_opt": 0.22563042992710647,
      "n": 2
    },
    "_overall": {
      "mean_I_LLM": 0.37752016794378007,
      "accuracy": 0.6666666666666666,
      "n_states": 12
    }
  },
  "Mistral-7B": {
    "Crypto": {
      "mean_I_LLM": -1.72054989793252,
      "std_I_LLM": 0.21804955740333698,
      "p_opt": 0.05057217374241738,
      "n": 2
    },
    "Web": {
      "mean_I_LLM": -0.8539096242533453,
      "std_I_LLM": 1.3684827970831033,
      "p_opt": 0.09221388919541466,
      "n": 2
    },
    "PWN": {
      "mean_I_LLM": 0.506469527853749,
      "std_I_LLM": 0.1309603927615426,
      "p_opt": 0.2367616017348592,
      "n": 2
    },
    "Forensics": {
      "mean_I_LLM": 0.7284288374867353,
      "std_I_LLM": 0.42357425595831455,
      "p_opt": 0.27613895652650466,
      "n": 2
    },
    "Reverse": {
      "mean_I_LLM": 0.29545588352617136,
      "std_I_LLM": 0.0,
      "p_opt": 0.20454545454545456,
      "n": 1
    },
    "Misc": {
      "mean_I_LLM": 0.9756771455291363,
      "std_I_LLM": 0.07877063849323995,
      "p_opt": 0.3277606683281534,
      "n": 2
    },
    "_overall": {
      "mean_I_LLM": -0.0393011035551198,
      "accuracy": 0.5,
      "n_states": 12
    }
  },
  "Qwen3-Next": {
    "Crypto": {
      "mean_I_LLM": 1.6144093452479402,
      "std_I_LLM": 0.29248125036057815,
      "p_opt": 0.5103103630798287,
      "n": 2
    },
    "Web": {
      "mean_I_LLM": 1.0334157542391043,
      "std_I_LLM": 0.1365092472032079,
      "p_opt": 0.3411441196105065,
      "n": 2
    },
    "PWN": {
      "mean_I_LLM": 0.8892279866509364,
      "std_I_LLM": 0.22180332573780726,
      "p_opt": 0.30869745325651593,
      "n": 2
    },
    "Forensics": {
      "mean_I_LLM": 1.1334433656647,
      "std_I_LLM": 0.314015611306521,
      "p_opt": 0.36563621206356534,
      "n": 2
    },
    "Reverse": {
      "mean_I_LLM": 0.7409345038785262,
      "std_I_LLM": 0.15597200315737014,
      "p_opt": 0.2785430072655778,
      "n": 2
    },
    "Misc": {
      "mean_I_LLM": 0.9222195435708804,
      "std_I_LLM": 0.025313036534984068,
      "p_opt": 0.3158380828546184,
      "n": 2
    },
    "_overall": {
      "mean_I_LLM": 1.0556084165420145,
      "accuracy": 0.9166666666666666,
      "n_states": 12
    }
  }
}