{
  "regret_vs_T": {
    "Uniform": {
      "T": [
        5,
        10,
        20,
        30,
        50,
        100,
        200
      ],
      "regret": [
        2.3612500000000005,
        4.707500000000001,
        8.467500000000003,
        12.011250000000002,
        17.977500000000006,
        26.027500000000003,
        35.45000000000001
      ],
      "se": [
        0.07392347183067094,
        0.14856721963474986,
        0.28874356053425676,
        0.43339610022184094,
        0.7025649213773772,
        1.1029559573029197,
        1.2804869679149418
      ],
      "correct": [
        0.132,
        0.13191666666666665,
        0.17241666666666666,
        0.18366666666666667,
        0.20791666666666664,
        0.297925,
        0.3906875
      ]
    },
    "Strong (Crypto-like, I\u22481.6)": {
      "T": [
        5,
        10,
        20,
        30,
        50,
        100,
        200
      ],
      "regret": [
        2.192500000000001,
        4.471250000000001,
        8.226250000000002,
        11.862500000000002,
        16.641250000000003,
        25.688750000000006,
        33.02875000000001
      ],
      "se": [
        0.07438728890072552,
        0.14901947754404454,
        0.29602363450829394,
        0.41990233239409386,
        0.671836516339727,
        1.016096232985587,
        1.0105616901938745
      ],
      "correct": [
        0.12866666666666668,
        0.1445833333333333,
        0.18045833333333333,
        0.20491666666666666,
        0.22531666666666667,
        0.29875833333333335,
        0.3988416666666667
      ]
    },
    "Moderate (Web-like, I\u22480.8)": {
      "T": [
        5,
        10,
        20,
        30,
        50,
        100,
        200
      ],
      "regret": [
        2.3412500000000005,
        4.393750000000001,
        8.912500000000001,
        12.933750000000002,
        18.348750000000006,
        22.368750000000006,
        35.70375000000001
      ],
      "se": [
        0.07357346456094073,
        0.149147970779022,
        0.3137811239542621,
        0.4206151651896304,
        0.6849290508421293,
        0.7563665974165572,
        1.239706464122657
      ],
      "correct": [
        0.12716666666666668,
        0.13575,
        0.16483333333333333,
        0.18516666666666665,
        0.21186666666666668,
        0.30244166666666666,
        0.379
      ]
    },
    "Weak (PWN-like, I\u22480.2)": {
      "T": [
        5,
        10,
        20,
        30,
        50,
        100,
        200
      ],
      "regret": [
        2.2225000000000006,
        4.500000000000001,
        7.795000000000003,
        12.126250000000002,
        16.493750000000002,
        26.278750000000006,
        35.02125000000001
      ],
      "se": [
        0.07755622960149625,
        0.14488141702785765,
        0.28249867256325295,
        0.43501435859923065,
        0.6199935420530606,
        1.0249926486016865,
        1.0586648098843658
      ],
      "correct": [
        0.11566666666666667,
        0.14741666666666667,
        0.17045833333333335,
        0.18955555555555556,
        0.22135,
        0.26278333333333337,
        0.38581666666666664
      ]
    }
  },
  "delta_data": {
    "Delta": [
      0.05,
      0.1,
      0.15,
      0.2,
      0.25,
      0.3,
      0.4
    ]
  },
  "pg": 0.7,
  "pb": 0.3,
  "Delta": 0.39999999999999997,
  "n_trials": 200
}