{
  "Web-SQLi": {
    "original": {
      "I_LLM": 0.8194277543581792,
      "rank": 1,
      "p_opt": 0.29411764705882354
    },
    "rephrased": {
      "I_LLM": 0.3973354975453849,
      "rank": 1,
      "p_opt": 0.21951219512195122
    },
    "shuffled_actions": {
      "I_LLM": -0.637429920615292,
      "rank": 4,
      "p_opt": 0.10714285714285714
    }
  },
  "PWN-BOF": {
    "original": {
      "I_LLM": 0.84799690655495,
      "rank": 2,
      "p_opt": 0.3
    },
    "rephrased": {
      "I_LLM": 0.9999999999999998,
      "rank": 1,
      "p_opt": 0.3333333333333333
    },
    "shuffled_actions": {
      "I_LLM": 0.8006911917765933,
      "rank": 2,
      "p_opt": 0.2903225806451613
    }
  }
}