{
  "0.1": {
    "Crypto": {
      "mean_I_LLM": 1.7237294884856105,
      "std_I_LLM": 0.27627051151438936,
      "accuracy": 1.0
    },
    "Web": {
      "mean_I_LLM": 0.7434262076356543,
      "std_I_LLM": 0.07600154672252502,
      "accuracy": 1.0
    },
    "PWN": {
      "mean_I_LLM": 0.801442204359209,
      "std_I_LLM": 0.04655470219574076,
      "accuracy": 0.5
    }
  },
  "0.3": {
    "Crypto": {
      "mean_I_LLM": 1.7237294884856105,
      "std_I_LLM": 0.27627051151438936,
      "accuracy": 1.0
    },
    "Web": {
      "mean_I_LLM": 0.7434262076356543,
      "std_I_LLM": 0.07600154672252502,
      "accuracy": 1.0
    },
    "PWN": {
      "mean_I_LLM": 0.801442204359209,
      "std_I_LLM": 0.04655470219574076,
      "accuracy": 0.5
    }
  },
  "0.5": {
    "Crypto": {
      "mean_I_LLM": 1.7237294884856105,
      "std_I_LLM": 0.27627051151438936,
      "accuracy": 1.0
    },
    "Web": {
      "mean_I_LLM": 0.7434262076356543,
      "std_I_LLM": 0.07600154672252502,
      "accuracy": 1.0
    },
    "PWN": {
      "mean_I_LLM": 0.801442204359209,
      "std_I_LLM": 0.04655470219574076,
      "accuracy": 0.5
    }
  },
  "0.7": {
    "Crypto": {
      "mean_I_LLM": 1.7237294884856105,
      "std_I_LLM": 0.27627051151438936,
      "accuracy": 1.0
    },
    "Web": {
      "mean_I_LLM": 0.7434262076356543,
      "std_I_LLM": 0.07600154672252502,
      "accuracy": 1.0
    },
    "PWN": {
      "mean_I_LLM": 0.801442204359209,
      "std_I_LLM": 0.04655470219574076,
      "accuracy": 0.5
    }
  },
  "1.0": {
    "Crypto": {
      "mean_I_LLM": 1.7237294884856105,
      "std_I_LLM": 0.27627051151438936,
      "accuracy": 1.0
    },
    "Web": {
      "mean_I_LLM": 0.7434262076356543,
      "std_I_LLM": 0.07600154672252502,
      "accuracy": 1.0
    },
    "PWN": {
      "mean_I_LLM": 0.801442204359209,
      "std_I_LLM": 0.04655470219574076,
      "accuracy": 0.5
    }
  }
}